gene_name	transcript_name	cds_seq	protein_seq
ABCA12	NM_173076.3	c.1060C>T	p.(Gln354*)
ABCA12	NM_173076.3	c.179G>C	p.(Arg60Pro)
ABCA12	NM_173076.3	c.3456G>A	p.(=)
ABCA12	NM_173076.3	c.4544G>A	p.(Arg1515Gln)
ABCA12	NM_173076.3	c.4553G>A	p.(Trp1518*)
ABCA4	NM_000350.3	c.1648G>A	p.(Gly550Arg)
ABCA4	NM_000350.3	c.2791G>T	p.(Val931Leu)
ABCA4	NM_000350.3	c.3607G>A	p.(Gly1203Arg)
ABCA4	NM_000350.3	c.3608G>A	p.(Gly1203Glu)
ABCA4	NM_000350.3	c.4254-15_4262del	(Intron)
ABCA4	NM_000350.3	c.5460+1G>A	(Intron)
ABCA4	NM_000350.3	c.834delT	p.(Asp279Ilefs*21)
ABCB11	NM_003742.4	c.1409G>A	p.(Arg470Gln)
ABCC8	NM_000352.4	c.1116dupT	p.(Leu373Serfs*10)
ABCC8	NM_000352.4	c.2506C>T	p.(Arg836*)
ABCC8	NM_000352.4	c.3989-9G>A	(Intron)
ABCC8	NM_000352.4	c.4160_4162delTCT	p.(Phe1387del)
ABCC8	NM_000352.4	c.560T>A	p.(Val187Asp)
ABCD1	NM_000033.4	c.686T>C	p.(Leu229Pro)
ABHD5	NM_016006.6	c.412T>C	p.(Trp138Arg)
ABHD5	NM_016006.6	c.934C>T	p.(Arg312*)
ACADM	NM_000016.5	c.616C>T	p.(Arg206Cys)
ACADM	NM_000016.5	c.799G>A	p.(Gly267Arg)
ACADVL	NM_000018.4	c.1096C>T	p.(Arg366Cys)
ACADVL	NM_000018.4	c.1748C>T	p.(Ser583Leu)
ACADVL	NM_000018.4	c.260T>C	p.(Val87Ala)
ACADVL	NM_000018.4	c.367G>A	p.(Asp123Asn)
ACADVL	NM_000018.4	c.637G>A	p.(Ala213Thr)
ACADVL	NM_000018.4	c.779C>T	p.(Thr260Met)
ACADVL	NM_000018.4	c.799_802delGTTA	p.(Val267Glnfs*8)
ACADVL	NM_000018.4	c.894G>A	p.(=)
ACO2	NM_001098.3	c.336C>G	p.(Ser112Arg)
ACP5	NM_001111035.2	c.325G>A	p.(Gly109Arg)
ADA	NM_000022.4	c.703C>T	p.(Arg235Trp)
ADA	NM_000022.4	c.792G>A	p.(Trp264*)
ADAMTS2	NM_014244.5	c.673C>T	p.(Gln225*)
ADGRG1	NM_005682.7	c.1167+3G>C	(Intron)
ADGRG1	NM_005682.7	c.1693C>T	p.(Arg565Trp)
ADGRG1	NM_005682.7	c.739_745delCAGGACC	p.(Gln247Cysfs*74)
ADGRV1	NM_032119.4	c.14973-2A>G	(Intron)
ADGRV1	NM_032119.4	c.15494delA	p.(Lys5165Argfs*46)
AGA	NM_000027.4	c.214T>C	p.(Ser72Pro)
AGL	NM_000642.3	c.1222C>T	p.(Arg408*)
AGL	NM_000642.3	c.4456delT	p.(Ser1486Profs*18)
AGXT	NM_000030.3	c.33dupC	p.(Lys12Glnfs*156)
AGXT	NM_000030.3	c.466G>A	p.(Gly156Arg)
AGXT	NM_000030.3	c.584T>G	p.(Met195Arg)
AGXT	NM_000030.3	c.586G>A	p.(Asp196Asn)
AGXT	NM_000030.3	c.697C>T	p.(Arg233Cys)
AGXT	NM_000030.3	c.860_861delGCinsCG	p.(Ser287Thr)
AGXT	NM_000030.3	c.865C>T	p.(Arg289Cys)
AGXT	NM_000030.3	c.893T>C	p.(Leu298Pro)
AGXT	NM_000030.3	c.997A>T	p.(Arg333*)
AHI1	NM_017651.4	c.2212C>T	p.(Arg738*)
AHI1	NM_017651.4	c.3032C>G	p.(Ser1011*)
AHI1	NM_017651.4	c.787dupC	p.(Gln263Profs*8)
AIMP1	NM_004757.3	c.292_293delCA	p.(Gln98Valfs*30)
AIPL1	NM_014336.5	c.211G>T	p.(Val71Phe)
AIPL1	NM_014336.5	c.215G>A	p.(Trp72*)
AIPL1	NM_014336.5	c.834G>A	p.(Trp278*)
AIRE	NM_000383.4	c.1163_1164insA	p.(Met388Ilefs*36)
AIRE	NM_000383.4	c.247A>G	p.(Lys83Glu)
AIRE	NM_000383.4	c.254A>G	p.(Tyr85Cys)
AIRE	NM_000383.4	c.44G>A	p.(Arg15His)
AIRE	NM_000383.4	c.47C>T	p.(Thr16Met)
AIRE	NM_000383.4	c.769C>T	p.(Arg257*)
AIRE	NM_000383.4	c.967_979delCTGTCCCCTCCGC	p.(Leu323Serfs*51)
ALDH1A3	NM_000693.4	c.211G>A	p.(Val71Met)
ALDH7A1	NM_001182.5	c.1489+5G>A	(Intron)
ALDOB	NM_000035.4	c.448G>C	p.(Ala150Pro)
ALMS1	NM_015120.4	c.8008C>T	p.(Arg2670*)
ALMS1	NM_015120.4	c.808C>T	p.(Arg270*)
ALMS1	NM_015120.4	c.8177_8187del	p.(Cys2726Phefs*5)
ALPL	NM_000478.6	c.1348C>T	p.(Arg450Cys)
ALPL	NM_000478.6	c.141C>A	p.(Asn47Lys)
AMT	NM_000481.3	c.125A>G	p.(His42Arg)
ANO5	NM_213599.2	c.191dupA	p.(Asn64Lysfs*15)
AP4B1	NM_006594.4	c.664delC	p.(Leu222Cysfs*31)
APTX	NM_175073.2	c.837G>A	p.(Trp279*)
AQP2	NM_000486.5	c.298G>T	p.(Gly100*)
ARFGEF2	NM_006420.3	c.1958+1G>A	(Intron)
ARHGDIA	NM_004309.6	c.518G>T	p.(Gly173Val)
ARL6	NM_032146.5	c.364C>T	p.(Arg122*)
ARSA	NM_000487.6	c.1136C>T	p.(Pro379Leu)
ARSA	NM_000487.6	c.1174C>T	p.(Arg392Trp)
ARSA	NM_000487.6	c.1283C>T	p.(Pro428Leu)
ARSA	NM_000487.6	c.211T>G	p.(Cys71Gly)
ARSA	NM_000487.6	c.263G>A	p.(Gly88Asp)
ARSA	NM_000487.6	c.292_293delTCinsCT	p.(Ser98Leu)
ARSA	NM_000487.6	c.47G>A	p.(Gly16Asp)
ARSA	NM_000487.6	c.542T>G	p.(Ile181Ser)
ARSA	NM_000487.6	c.576G>C	p.(Gln192His)
ARSA	NM_000487.6	c.827C>T	p.(Thr276Met)
ARSA	NM_000487.6	c.937C>T	p.(Arg313*)
ASL	NM_000048.4	c.346C>T	p.(Gln116*)
ASNS	NM_183356.3	c.1084T>G	p.(Phe362Val)
ASPA	NM_001128085.1	c.433-2A>G	(Intron)
ASPA	NM_001128085.1	c.693C>A	p.(Tyr231*)
ASPA	NM_001128085.1	c.854A>C	p.(Glu285Ala)
ASPA	NM_001128085.1	c.914C>A	p.(Ala305Glu)
ATM	NM_000051.3	c.103C>T	p.(Arg35*)
ATM	NM_000051.3	c.1339C>T	p.(Arg447*)
ATM	NM_000051.3	c.1547T>C	p.(Leu516Ser)
ATM	NM_000051.3	c.2839-579_2839-576del4	(Intron)
ATM	NM_000051.3	c.3245_3247delATCinsTGAT	p.(His1082Leufs*14)
ATM	NM_000051.3	c.3576G>A	p.(=)
ATM	NM_000051.3	c.368delA	p.(Tyr123Leufs*6)
ATM	NM_000051.3	c.5763-1050A>G	(Intron)
ATM	NM_000051.3	c.6672_6680delGGCTCTACGinsCTC	p.(Met2224_Arg2227delinsIleSer)
ATM	NM_000051.3	c.7241_7244delAAGC	p.(Gln2414Leufs*3)
ATP6V0A2	NM_012463.4	c.2375C>G	p.(Pro792Arg)
ATP7B	NM_000053.3	c.122A>G	p.(Asn41Ser)
ATP7B	NM_000053.3	c.1340_1343delAAAC	p.(Gln447Leufs*50)
ATP7B	NM_000053.3	c.1544G>A	p.(Gly515Asp)
ATP7B	NM_000053.3	c.1639delC	p.(Gln547Argfs*22)
ATP7B	NM_000053.3	c.1703T>G	p.(Leu568Arg)
ATP7B	NM_000053.3	c.1934T>G	p.(Met645Arg)
ATP7B	NM_000053.3	c.2293G>A	p.(Asp765Asn)
ATP7B	NM_000053.3	c.2333G>T	p.(Arg778Leu)
ATP7B	NM_000053.3	c.2337G>A	p.(Trp779*)
ATP7B	NM_000053.3	c.2817G>T	p.(Trp939Cys)
ATP7B	NM_000053.3	c.2906G>A	p.(Arg969Gln)
ATP7B	NM_000053.3	c.3191A>C	p.(Glu1064Ala)
ATP7B	NM_000053.3	c.3207C>A	p.(His1069Gln)
ATP7B	NM_000053.3	c.3451C>T	p.(Arg1151Cys)
ATP7B	NM_000053.3	c.3551T>C	p.(Ile1184Thr)
ATP7B	NM_000053.3	c.3638G>T	p.(Gly1213Val)
ATP7B	NM_000053.3	c.3649_3654delGTTCTG	p.(Val1217_Leu1218del)
ATP7B	NM_000053.3	c.3659C>T	p.(Thr1220Met)
ATP7B	NM_000053.3	c.3842G>A	p.(Gly1281Asp)
ATP7B	NM_000053.3	c.4152T>G	p.(Tyr1384*)
ATP7B	NM_000053.3	c.845delT	p.(Leu282Profs*2)
BBS1	NM_024649.5	c.1169T>G	p.(Met390Arg)
BBS1	NM_024649.5	c.479G>A	p.(Arg160Gln)
BBS10	NM_024685.4	c.1091delA	p.(Asn364Thrfs*5)
BBS10	NM_024685.4	c.1399delA	p.(Arg467Glyfs*21)
BBS10	NM_024685.4	c.271dupT	p.(Cys91Leufs*5)
BBS2	NM_031885.4	c.1895G>C	p.(Arg632Pro)
BBS2	NM_031885.4	c.224T>G	p.(Val75Gly)
BBS2	NM_031885.4	c.311A>C	p.(Asp104Ala)
BBS2	NM_031885.4	c.401C>G	p.(Pro134Arg)
BBS2	NM_031885.4	c.98C>A	p.(Ala33Asp)
BBS4	NM_033028.5	c.884G>C	p.(Arg295Pro)
BBS7	NM_176824.3	c.1786G>A	p.(Glu596Lys)
BCKDHA	NM_000709.4	c.169delG	p.(Ala57Profs*6)
BCKDHA	NM_000709.4	c.718del	p.(Ala240Glnfs*90)
BCKDHA	NM_000709.4	c.792C>G	p.(Cys264Trp)
BCKDHA	NM_000709.4	c.859C>T	p.(Arg287*)
BCKDHA	NM_000709.4	c.890G>A	p.(Arg297His)
BCKDHA	NM_000709.4	c.909_910delGT	p.(Phe304Cysfs*36)
BCKDHA	NM_000709.4	c.935_937del	p.(Glu312del)
BCKDHB	NM_000056.4	c.1016C>T	p.(Ser339Leu)
BCKDHB	NM_000056.4	c.1114G>T	p.(Glu372*)
BCKDHB	NM_000056.4	c.356T>G	p.(Val119Gly)
BCKDHB	NM_000056.4	c.548G>C	p.(Arg183Pro)
BCKDHB	NM_000056.4	c.670C>T	p.(Leu224Phe)
BCKDHB	NM_000056.4	c.800_803delAGGA	p.(Glu268Glyfs*6)
BCKDHB	NM_000056.4	c.832G>A	p.(Gly278Ser)
BLM	NM_000057.4	c.1984_1985delAA	p.(Lys662Ilefs*5)
BLM	NM_000057.4	c.2207_2212delATCTGAinsTAGATTC	p.(Tyr736Leufs*5)
BLM	NM_000057.4	c.2407dupT	p.(Trp803Leufs*4)
BLM	NM_000057.4	c.3510T>A	p.(Tyr1170*)
BLM	NM_000057.4	c.98+1G>T	(Intron)
BMPER	NM_133468.5	c.310C>T	p.(Gln104*)
BMPR1B	NM_001256793.2	c.377G>A	p.(Cys126Tyr)
BSND	NM_057176.3	c.167_168insTTTCCC	p.(Cys56_Tyr57insPhePro)
BSND	NM_057176.3	c.28G>A	p.(Gly10Ser)
BTD	NM_000060.4	c.100G>A	p.(Gly34Ser)
MTRFR	NM_152269.5	c.282+2T>A	(Intron)
MTRFR	NM_152269.5	c.413_417delAACAA	p.(Lys138Argfs*17)
CFAP298	NM_021254.4	c.735C>G	p.(Tyr245*)
CFAP418	NM_177965.4	c.497T>A	p.(Leu166*)
CFAP418	NM_177965.4	c.529C>T	p.(Arg177Trp)
CFAP418	NM_177965.4	c.545A>G	p.(Gln182Arg)
CASQ2	NM_001232.3	c.919G>C	p.(Asp307His)
CBS	NM_000071.2	c.1006C>T	p.(Arg336Cys)
CBS	NM_000071.2	c.1224-2A>C	(Intron)
CBS	NM_000071.2	c.1261delG	p.(Ala421Profs*3)
CBS	NM_000071.2	c.1627_1645del19	p.(Val543Thrfs*26)
CBS	NM_000071.2	c.785C>G	p.(Thr262Arg)
CC2D1A	NM_017721.4	c.1468+1_1824-1del3025	CNV
CCDC174	NM_016474.5	c.1404A>G	p.(*468Trpext*6)
CCDC65	NM_033124.5	c.877_878delAT	p.(Ile293Profs*2)
CCDC88C	NM_001080414.4	c.934C>T	p.(Arg312*)
CD59	NM_203330.2	c.266G>A	p.(Cys89Tyr)
CDAN1	NM_138477.4	c.3124C>T	p.(Arg1042Trp)
CDH23	NM_022124.6	c.7903G>T	p.(Val2635Phe)
CDK5	NM_004935.4	c.580+1G>A	(Intron)
ADA2	NM_001282225.2	c.139G>A	p.(Gly47Arg)
CEP104	NM_014704.4	c.1328_1329insT	p.(Tyr444Leufs*3)
CEP152	NM_014985.3	c.2281-2A>G	(Intron)
CEP290	NM_025114.3	c.1225delA	p.(Ile409Phefs*5)
CEP290	NM_025114.3	c.164_167delCTCA	p.(Thr55Serfs*3)
CEP290	NM_025114.3	c.4393C>T	p.(Arg1465*)
CEP290	NM_025114.3	c.4771C>T	p.(Gln1591*)
CEP290	NM_025114.3	c.5788A>T	p.(Lys1930*)
CERKL	NM_001030311.2	c.238+1G>A	(Intron)
CFH	NM_000186.3	c.3674A>T	p.(Tyr1225Phe)
CFH	NM_000186.3	c.3677_*4del	p.(Pro1226_Arg1231delinsGlnSer)
CFTR	NM_000492.4	c.2988+1173_3468+2111del8898	CNV
CFTR	NM_000492.4	c.54-5940_273+10250del2100	CNV
CFTR	NM_000492.4	c.1000C>T	p.(Arg334Trp)
CFTR	NM_000492.4	c.1001G>A	p.(Arg334Gln)
CFTR	NM_000492.4	c.1007T>A	p.(Ile336Lys)
CFTR	NM_000492.4	c.1013C>T	p.(Thr338Ile)
CFTR	NM_000492.4	c.1021_1022dupTC	p.(Phe342Hisfs*28)
CFTR	NM_000492.4	c.1021T>C	p.(Ser341Pro)
CFTR	NM_000492.4	c.1040G>A	p.(Arg347His)
CFTR	NM_000492.4	c.1040G>C	p.(Arg347Pro)
CFTR	NM_000492.4	c.1040G>T	p.(Arg347Leu)
CFTR	NM_000492.4	c.1055G>A	p.(Arg352Gln)
CFTR	NM_000492.4	c.1079C>A	p.(Thr360Lys)
CFTR	NM_000492.4	c.1081delT	p.(Trp361Glyfs*8)
CFTR	NM_000492.4	c.1116+1G>A	(Intron)
CFTR	NM_000492.4	c.1130dupA	p.(Gln378Alafs*4)
CFTR	NM_000492.4	c.1155_1156dupTA	p.(Asn386Ilefs*3)
CFTR	NM_000492.4	c.115C>T	p.(Gln39*)
CFTR	NM_000492.4	c.11C>A	p.(Ser4*)
CFTR	NM_000492.4	c.1202G>A	p.(Trp401*)
CFTR	NM_000492.4	c.1203G>A	p.(Trp401*)
CFTR	NM_000492.4	c.1209+1G>A	(Intron)
CFTR	NM_000492.4	c.1240C>T	p.(Gln414*)
CFTR	NM_000492.4	c.1327_1330dupGATA	p.(Ile444Argfs*3)
CFTR	NM_000492.4	c.1340delA	p.(Lys447Argfs*2)
CFTR	NM_000492.4	c.1364C>A	p.(Ala455Glu)
CFTR	NM_000492.4	c.137C>A	p.(Ala46Asp)
CFTR	NM_000492.4	c.1393-1G>A	(Intron)
CFTR	NM_000492.4	c.1397C>A	p.(Ser466*)
CFTR	NM_000492.4	c.1397C>G	p.(Ser466*)
CFTR	NM_000492.4	c.1400T>C	p.(Leu467Pro)
CFTR	NM_000492.4	c.1418delG	p.(Gly473Glufs*54)
CFTR	NM_000492.4	c.1438G>T	p.(Gly480Cys)
CFTR	NM_000492.4	c.1439G>A	p.(Gly480Asp)
CFTR	NM_000492.4	c.1466C>A	p.(Ser489*)
CFTR	NM_000492.4	c.1475C>T	p.(Ser492Phe)
CFTR	NM_000492.4	c.1477C>T	p.(Gln493*)
CFTR	NM_000492.4	c.1521_1523delCTT	p.(Phe508del)
CFTR	NM_000492.4	c.1545_1546delTA	p.(Tyr515*)
CFTR	NM_000492.4	c.1558G>A	p.(Val520Ile)
CFTR	NM_000492.4	c.1558G>T	p.(Val520Phe)
CFTR	NM_000492.4	c.1572C>A	p.(Cys524*)
CFTR	NM_000492.4	c.1573C>T	p.(Gln525*)
CFTR	NM_000492.4	c.1585-1G>A	(Intron)
CFTR	NM_000492.4	c.1585-8G>A	(Intron)
CFTR	NM_000492.4	c.1624G>T	p.(Gly542*)
CFTR	NM_000492.4	c.1625G>A	p.(Gly542Glu)
CFTR	NM_000492.4	c.1645A>C	p.(Ser549Arg)
CFTR	NM_000492.4	c.1646G>A	p.(Ser549Asn)
CFTR	NM_000492.4	c.1646G>T	p.(Ser549Ile)
CFTR	NM_000492.4	c.1647T>G	p.(Ser549Arg)
CFTR	NM_000492.4	c.1650delA	p.(Gly551Valfs*8)
CFTR	NM_000492.4	c.1651G>A	p.(Gly551Ser)
CFTR	NM_000492.4	c.165-1G>A	(Intron)
CFTR	NM_000492.4	c.1652G>A	p.(Gly551Asp)
CFTR	NM_000492.4	c.1654C>T	p.(Gln552*)
CFTR	NM_000492.4	c.1657C>T	p.(Arg553*)
CFTR	NM_000492.4	c.166G>A	p.(Glu56Lys)
CFTR	NM_000492.4	c.1673T>C	p.(Leu558Ser)
CFTR	NM_000492.4	c.1675G>A	p.(Ala559Thr)
CFTR	NM_000492.4	c.1679+1634A>G	(Intron)
CFTR	NM_000492.4	c.1679+1G>C	(Intron)
CFTR	NM_000492.4	c.1679G>A	p.(Arg560Lys)
CFTR	NM_000492.4	c.1679G>C	p.(Arg560Thr)
CFTR	NM_000492.4	c.1680-1G>A	(Intron)
CFTR	NM_000492.4	c.1682C>A	p.(Ala561Glu)
CFTR	NM_000492.4	c.1692delA	p.(Asp565Metfs*7)
CFTR	NM_000492.4	c.1736A>G	p.(Asp579Gly)
CFTR	NM_000492.4	c.1753G>T	p.(Glu585*)
CFTR	NM_000492.4	c.175dupA	p.(Arg59Lysfs*10)
CFTR	NM_000492.4	c.1766+1G>A	(Intron)
CFTR	NM_000492.4	c.1766+1G>C	(Intron)
CFTR	NM_000492.4	c.1766+3A>G	(Intron)
CFTR	NM_000492.4	c.1766+5G>T	(Intron)
CFTR	NM_000492.4	c.178G>T	p.(Glu60*)
CFTR	NM_000492.4	c.1841A>G	p.(Asp614Gly)
CFTR	NM_000492.4	c.1911delG	p.(Gln637Hisfs*26)
CFTR	NM_000492.4	c.1923_1931delCTCAAAACTinsA	p.(Ser641Argfs*5)
CFTR	NM_000492.4	c.1973_1985delGAAATTCAATCCTinsAGAAA	p.(Arg658Lysfs*4)
CFTR	NM_000492.4	c.1976delA	p.(Asn659Ilefs*4)
CFTR	NM_000492.4	c.1986_1989delAACT	p.(Thr663Argfs*8)
CFTR	NM_000492.4	c.1A>G	p.(start
CFTR	NM_000492.4	c.200C>T	p.(Pro67Leu)
CFTR	NM_000492.4	c.2012delT	p.(Leu671*)
CFTR	NM_000492.4	c.2051_2052delAAinsG	p.(Lys684Serfs*38)
CFTR	NM_000492.4	c.2089dupA	p.(Arg697Lysfs*33)
CFTR	NM_000492.4	c.2125C>T	p.(Arg709*)
CFTR	NM_000492.4	c.2128A>T	p.(Lys710*)
CFTR	NM_000492.4	c.2175dupA	p.(Glu726Argfs*4)
CFTR	NM_000492.4	c.2195T>G	p.(Leu732*)
CFTR	NM_000492.4	c.2215delG	p.(Val739Tyrfs*16)
CFTR	NM_000492.4	c.223C>T	p.(Arg75*)
CFTR	NM_000492.4	c.2290C>T	p.(Arg764*)
CFTR	NM_000492.4	c.233dupT	p.(Trp79Leufs*32)
CFTR	NM_000492.4	c.2353C>T	p.(Arg785*)
CFTR	NM_000492.4	c.2374C>T	p.(Arg792*)
CFTR	NM_000492.4	c.2423_2424dupAT	p.(Ser809Ilefs*13)
CFTR	NM_000492.4	c.2453delT	p.(Leu818Trpfs*3)
CFTR	NM_000492.4	c.2463_2464delTG	p.(Ser821Argfs*4)
CFTR	NM_000492.4	c.2464G>T	p.(Glu822*)
CFTR	NM_000492.4	c.2490+1G>A	(Intron)
CFTR	NM_000492.4	c.2491G>T	p.(Glu831*)
CFTR	NM_000492.4	c.2537G>A	p.(Trp846*)
CFTR	NM_000492.4	c.2547C>A	p.(Tyr849*)
CFTR	NM_000492.4	c.254G>A	p.(Gly85Glu)
CFTR	NM_000492.4	c.2551C>T	p.(Arg851*)
CFTR	NM_000492.4	c.2583delT	p.(Phe861Leufs*3)
CFTR	NM_000492.4	c.2619+1G>A	(Intron)
CFTR	NM_000492.4	c.2619+2dupT	(Intron)
CFTR	NM_000492.4	c.262_263delTT	p.(Leu88Ilefs*22)
CFTR	NM_000492.4	c.2657+2_2657+3insA	(Intron)
CFTR	NM_000492.4	c.2657+5G>A	(Intron)
CFTR	NM_000492.4	c.2658-1G>C	(Intron)
CFTR	NM_000492.4	c.2668C>T	p.(Gln890*)
CFTR	NM_000492.4	c.273+1G>A	(Intron)
CFTR	NM_000492.4	c.273+3A>C	(Intron)
CFTR	NM_000492.4	c.2737_2738insG	p.(Tyr913*)
CFTR	NM_000492.4	c.2739T>A	p.(Tyr913*)
CFTR	NM_000492.4	c.274-1G>A	(Intron)
CFTR	NM_000492.4	c.274G>A	p.(Glu92Lys)
CFTR	NM_000492.4	c.274G>T	p.(Glu92*)
CFTR	NM_000492.4	c.2763_2764dupAG	p.(Val922Glufs*2)
CFTR	NM_000492.4	c.2780T>C	p.(Leu927Pro)
CFTR	NM_000492.4	c.2834C>T	p.(Ser945Leu)
CFTR	NM_000492.4	c.2856G>C	p.(Met952Ile)
CFTR	NM_000492.4	c.2875delG	p.(Ala959Hisfs*9)
CFTR	NM_000492.4	c.2908G>C	p.(Gly970Arg)
CFTR	NM_000492.4	c.292C>T	p.(Gln98*)
CFTR	NM_000492.4	c.2930C>T	p.(Ser977Phe)
CFTR	NM_000492.4	c.2988+1G>A	(Intron)
CFTR	NM_000492.4	c.2988G>A	p.(=)
CFTR	NM_000492.4	c.2989-1G>A	(Intron)
CFTR	NM_000492.4	c.3002_3003delTG	p.(Val1001Aspfs*45)
CFTR	NM_000492.4	c.3039delC	p.(Tyr1014Thrfs*9)
CFTR	NM_000492.4	c.3067_3072delATAGTG	p.(Ile1023_Val1024del)
CFTR	NM_000492.4	c.313delA	p.(Ile105Serfs*2)
CFTR	NM_000492.4	c.3140-26A>G	(Intron)
CFTR	NM_000492.4	c.3154T>G	p.(Phe1052Val)
CFTR	NM_000492.4	c.3160C>G	p.(His1054Asp)
CFTR	NM_000492.4	c.3181G>C	p.(Gly1061Arg)
CFTR	NM_000492.4	c.3194T>C	p.(Leu1065Pro)
CFTR	NM_000492.4	c.3196C>T	p.(Arg1066Cys)
CFTR	NM_000492.4	c.3197G>A	p.(Arg1066His)
CFTR	NM_000492.4	c.3205G>A	p.(Gly1069Arg)
CFTR	NM_000492.4	c.3208C>T	p.(Arg1070Trp)
CFTR	NM_000492.4	c.3209G>A	p.(Arg1070Gln)
CFTR	NM_000492.4	c.3222T>A	p.(Phe1074Leu)
CFTR	NM_000492.4	c.3230T>C	p.(Leu1077Pro)
CFTR	NM_000492.4	c.325_327delTATinsG	p.(Tyr109Glyfs*4)
CFTR	NM_000492.4	c.3266G>A	p.(Trp1089*)
CFTR	NM_000492.4	c.3276C>G	p.(Tyr1092*)
CFTR	NM_000492.4	c.328G>C	p.(Asp110His)
CFTR	NM_000492.4	c.3292T>C	p.(Trp1098Arg)
CFTR	NM_000492.4	c.3299A>C	p.(Gln1100Pro)
CFTR	NM_000492.4	c.3302T>A	p.(Met1101Lys)
CFTR	NM_000492.4	c.3310G>T	p.(Glu1104*)
CFTR	NM_000492.4	c.343G>T	p.(Glu115*)
CFTR	NM_000492.4	c.3454G>C	p.(Asp1152His)
CFTR	NM_000492.4	c.3469-2A>G	(Intron)
CFTR	NM_000492.4	c.3472C>T	p.(Arg1158*)
CFTR	NM_000492.4	c.3484C>T	p.(Arg1162*)
CFTR	NM_000492.4	c.349C>T	p.(Arg117Cys)
CFTR	NM_000492.4	c.350G>A	p.(Arg117His)
CFTR	NM_000492.4	c.3528delC	p.(Lys1177Serfs*15)
CFTR	NM_000492.4	c.3529A>T	p.(Lys1177*)
CFTR	NM_000492.4	c.3532_3535dupTCAA	p.(Thr1179Ilefs*17)
CFTR	NM_000492.4	c.3535_3538delACCA	p.(Thr1179Asnfs*12)
CFTR	NM_000492.4	c.3587C>G	p.(Ser1196*)
CFTR	NM_000492.4	c.3600delA	p.(Asp1201Metfs*10)
CFTR	NM_000492.4	c.3605delA	p.(Asp1202Alafs*9)
CFTR	NM_000492.4	c.3611G>A	p.(Trp1204*)
CFTR	NM_000492.4	c.3612G>A	p.(Trp1204*)
CFTR	NM_000492.4	c.3659delC	p.(Thr1220Lysfs*8)
CFTR	NM_000492.4	c.366T>A	p.(Tyr122*)
CFTR	NM_000492.4	c.3691delT	p.(Ser1231Profs*4)
CFTR	NM_000492.4	c.3700A>G	p.(Ile1234Val)
CFTR	NM_000492.4	c.3712C>T	p.(Gln1238*)
CFTR	NM_000492.4	c.3718-1G>A	(Intron)
CFTR	NM_000492.4	c.3718-2477C>T	(Intron)
CFTR	NM_000492.4	c.3731G>A	p.(Gly1244Glu)
CFTR	NM_000492.4	c.3744delA	p.(Lys1250Argfs*9)
CFTR	NM_000492.4	c.3752G>A	p.(Ser1251Asn)
CFTR	NM_000492.4	c.3763T>C	p.(Ser1255Pro)
CFTR	NM_000492.4	c.3764C>A	p.(Ser1255*)
CFTR	NM_000492.4	c.3773dupT	p.(Leu1258Phefs*7)
CFTR	NM_000492.4	c.3793G>A	p.(Gly1265Arg)
CFTR	NM_000492.4	c.3808delG	p.(Asp1270Metfs*8)
CFTR	NM_000492.4	c.3846G>A	p.(Trp1282*)
CFTR	NM_000492.4	c.3873+1G>A	(Intron)
CFTR	NM_000492.4	c.3937C>T	p.(Gln1313*)
CFTR	NM_000492.4	c.4046G>A	p.(Gly1349Asp)
CFTR	NM_000492.4	c.4077_4080delTGTTinsAA	p.(Val1360Thrfs*3)
CFTR	NM_000492.4	c.4111G>T	p.(Glu1371*)
CFTR	NM_000492.4	c.413_415dupTAC	p.(Leu138dup)
CFTR	NM_000492.4	c.416A>C	p.(His139Pro)
CFTR	NM_000492.4	c.416A>T	p.(His139Leu)
CFTR	NM_000492.4	c.4197_4198delCT	p.(Cys1400*)
CFTR	NM_000492.4	c.422C>A	p.(Ala141Asp)
CFTR	NM_000492.4	c.4234C>T	p.(Gln1412*)
CFTR	NM_000492.4	c.4242+1G>T	(Intron)
CFTR	NM_000492.4	c.4251delA	p.(Glu1418Argfs*14)
CFTR	NM_000492.4	c.4300_4301dupAG	p.(Ser1435Glyfs*14)
CFTR	NM_000492.4	c.4364C>G	p.(Ser1455*)
CFTR	NM_000492.4	c.442delA	p.(Ile148Leufs*5)
CFTR	NM_000492.4	c.487A>G	p.(Lys163Glu)
CFTR	NM_000492.4	c.489+1G>T	(Intron)
CFTR	NM_000492.4	c.523A>G	p.(Ile175Val)
CFTR	NM_000492.4	c.531delT	p.(Ile177Metfs*12)
CFTR	NM_000492.4	c.532G>A	p.(Gly178Arg)
CFTR	NM_000492.4	c.543_546delTAGT	p.(Leu183Phefs*5)
CFTR	NM_000492.4	c.575A>G	p.(Asp192Gly)
CFTR	NM_000492.4	c.579+1G>T	(Intron)
CFTR	NM_000492.4	c.579+3A>G	(Intron)
CFTR	NM_000492.4	c.579+5G>A	(Intron)
CFTR	NM_000492.4	c.580-1G>T	(Intron)
CFTR	NM_000492.4	c.595C>T	p.(His199Tyr)
CFTR	NM_000492.4	c.613C>T	p.(Pro205Ser)
CFTR	NM_000492.4	c.617T>G	p.(Leu206Trp)
CFTR	NM_000492.4	c.658C>T	p.(Gln220*)
CFTR	NM_000492.4	c.675T>A	p.(Cys225*)
CFTR	NM_000492.4	c.723_743+1del	(Intron)
CFTR	NM_000492.4	c.744-14_744-3delTGATTGATTTAC	(Intron)
CFTR	NM_000492.4	c.761delA	p.(Lys254Argfs*7)
CFTR	NM_000492.4	c.803delA	p.(Asn268Ilefs*17)
CFTR	NM_000492.4	c.805_806delAT	p.(Ile269Profs*4)
CFTR	NM_000492.4	c.933_935delCTT	p.(Phe312del)
CFTR	NM_000492.4	c.948delT	p.(Phe316Leufs*12)
CFTR	NM_000492.4	c.988G>T	p.(Gly330*)
CLCN5	NM_000084.4	c.1399C>T	p.(Arg467*)
CLCN5	NM_000084.4	c.258delA	p.(Glu87Lysfs*51)
CLCN5	NM_000084.4	c.82C>T	p.(Arg28*)
CLCNKB	NM_000085.4	c.1313G>A	p.(Arg438His)
CLN5	NM_006493.2	c.672delG	p.(Trp224*)
CLN6	NM_017882.3	c.214G>T	p.(Glu72*)
CLN8	NM_018941.3	c.766C>G	p.(Gln256Glu)
CLRN1	NM_174878.2	c.144T>G	p.(Asn48Lys)
CLRN1	NM_174878.2	c.188_210del23	p.(Tyr63Cysfs*59)
CLRN1	NM_174878.2	c.349_358del	p.(Ala117Cysfs*16)
CLRN1	NM_174878.2	c.433+1G>A	(Intron)
CLRN1	NM_174878.2	c.528T>G	p.(Tyr176*)
CNGA3	NM_001298.2	c.130_151dupTCAGTGCTGCAGCCGGGGATCG	p.(Ala51Valfs*16)
CNGA3	NM_001298.2	c.1585G>A	p.(Val529Met)
CNGA3	NM_001298.2	c.1640T>G	p.(Phe547Cys)
CNGA3	NM_001298.2	c.67C>T	p.(Arg23*)
CNGA3	NM_001298.2	c.940_942delATC	p.(Ile314del)
CNGA3	NM_001298.2	c.985G>T	p.(Gly329Cys)
CNGB1	NM_001297.5	c.2284C>T	p.(Arg762Cys)
CNGB3	NM_019098.4	c.1006G>T	p.(Glu336*)
CNGB3	NM_019098.4	c.1148delC	p.(Thr383Ilefs*13)
CNGB3	NM_019098.4	c.644-1G>C	(Intron)
CNNM4	NM_020184.4	c.1813C>T	p.(Arg605*)
CNNM4	NM_020184.4	c.599C>A	p.(Ser200Tyr)
COL11A2	NM_080680.2	c.3991C>T	p.(Arg1331*)
COL4A3	NM_000091.4	c.1791_1793dupTCC	p.(Pro598dup)
COL4A3	NM_000091.4	c.227delG	p.(Gly76Aspfs*17)
COL4A3	NM_000091.4	c.3518-2A>G	(Intron)
COL4A3	NM_000091.4	c.40_63del	p.(Leu14_Leu21del)
COL4A3	NM_000091.4	c.4649T>G	p.(Val1550Gly)
COL4A4	NM_000092.4	c.3933C>G	p.(Tyr1311*)
COL4A4	NM_000092.4	c.785_792dupCACCTGAC	p.(Phe265Hisfs*13)
COL4A5	NM_000495.4	c.2641G>T	p.(Gly881Trp)
COL4A5	NM_000495.4	c.367delG	p.(Gly123Aspfs*32)
COL4A5	NM_000495.4	c.4691G>C	p.(Cys1564Ser)
COL4A5	NM_000495.4	c.4946T>G	p.(Leu1649Arg)
COL4A5	NM_000495.4	c.5030G>A	p.(Arg1677Gln)
COLEC11	NM_199235.2	c.627_628delCG	p.(Ala210Leufs*5)
COLQ	NM_005677.4	c.1228C>T	p.(Arg410Trp)
COLQ	NM_005677.4	c.718G>T	p.(Gly240*)
COLQ	NM_005677.4	c.792dupG	p.(Pro265Alafs*37)
COQ4	NM_016035.5	c.718C>T	p.(Arg240Cys)
CPS1	NM_001875.5	c.1760G>A	p.(Arg587His)
CPS1	NM_001875.5	c.3265C>T	p.(Arg1089Cys)
CPS1	NM_001875.5	c.3374C>T	p.(Pro1125Leu)
CPS1	NM_001875.5	c.3558+1G>C	(Intron)
CPS1	NM_001875.5	c.794C>T	p.(Pro265Leu)
CRB1	NM_201253.3	c.1148G>A	p.(Cys383Tyr)
CRB1	NM_201253.3	c.1576C>T	p.(Arg526*)
CRB1	NM_201253.3	c.1733T>A	p.(Val578Glu)
CRB1	NM_201253.3	c.1842delT	p.(Gly615Valfs*6)
CRB1	NM_201253.3	c.1844G>T	p.(Gly615Val)
CRB1	NM_201253.3	c.2230C>T	p.(Arg744*)
CRB1	NM_201253.3	c.2234C>T	p.(Thr745Met)
CRB1	NM_201253.3	c.2498G>A	p.(Gly833Asp)
CRB1	NM_201253.3	c.2555T>C	p.(Ile852Thr)
CRB1	NM_201253.3	c.2680_2684delAACCC	p.(Asn894Leufs*13)
CRB1	NM_201253.3	c.3307G>A	p.(Gly1103Arg)
CRB1	NM_201253.3	c.4005+1G>A	(Intron)
CRB1	NM_201253.3	c.424G>T	p.(Gly142*)
CRB1	NM_201253.3	c.455G>A	p.(Cys152Tyr)
CRB2	NM_173689.7	c.1882C>T	p.(Arg628Cys)
CRB2	NM_173689.7	c.1928A>C	p.(Glu643Ala)
CRB2	NM_173689.7	c.2277G>A	p.(Trp759*)
CRB2	NM_173689.7	c.2400C>G	p.(Asn800Lys)
CRTAP	NM_006371.4	c.793+1G>T	(Intron)
CSTA	NM_005213.4	c.67-2A>T	(Intron)
CTNS	NM_004937.2	c.1015G>A	p.(Gly339Arg)
CTNS	NM_004937.2	c.530A>C	p.(Asn177Thr)
CTSC	NM_001814.6	c.857A>G	p.(Gln286Arg)
CTSK	NM_000396.4	c.990A>G	p.(*330Trpext*19)
CYBA	NM_000101.4	c.164C>G	p.(Pro55Arg)
CYBA	NM_000101.4	c.171dupG	p.(Lys58Glufs*155)
CYBA	NM_000101.4	c.70G>A	p.(Gly24Arg)
CYP11A1	NM_000781.3	c.644T>C	p.(Phe215Ser)
CYP11A1	NM_000781.3	c.694C>T	p.(Arg232*)
CYP11B2	NM_000498.3	c.541C>T	p.(Arg181Trp)
CYP1B1	NM_000104.3	c.1568G>A	p.(Arg523Lys)
CYP1B1	NM_000104.3	c.182G>A	p.(Gly61Glu)
CYP27A1	NM_000784.4	c.1016C>T	p.(Thr339Met)
CYP27A1	NM_000784.4	c.1184G>A	p.(Arg395His)
CYP27A1	NM_000784.4	c.355delC	p.(Arg119Glyfs*24)
CYP27A1	NM_000784.4	c.819delT	p.(Asp273Glufs*13)
CYP27A1	NM_000784.4	c.845-1G>A	(Intron)
CYP27A1	NM_000784.4	c.85delG	p.(Ala29Profs*29)
CYP7B1	NM_004820.5	c.1081C>T	p.(Arg361*)
DAG1	NM_001165928.3	c.743delC	p.(Ala248Glufs*19)
DARS2	NM_018122.5	c.492+2T>C	(Intron)
DCAF17	NM_025000.4	c.436delC	p.(Ala147Hisfs*9)
DCLRE1C	NM_001033858.2	c.1307_1308insAGGATGCT	p.(Asp436Glufs*43)
DDR2	NM_006182.4	c.2254C>T	p.(Arg752Cys)
DGAT1	NM_012079.6	c.751+2T>C	(Intron)
DGUOK	NM_080916.3	c.255delA	p.(Ala86Profs*13)
DHCR24	NM_014762.4	c.307C>T	p.(Arg103Cys)
DHCR7	NM_001360.2	c.1A>G	p.(start
DHCR7	NM_001360.2	c.506C>T	p.(Ser169Leu)
DHCR7	NM_001360.2	c.755A>G	p.(Asn252Ser)
DHCR7	NM_001360.2	c.964-1G>C	(Intron)
DHCR7	NM_001360.2	c.964-1G>T	(Intron)
DHDDS	NM_024887.3	c.124A>G	p.(Lys42Glu)
DLD	NM_000108.5	c.104dupA	p.(Tyr35*)
DLD	NM_000108.5	c.1436A>T	p.(Asp479Val)
DLD	NM_000108.5	c.685G>T	p.(Gly229Cys)
DLL3	NM_016941.3	c.395delG	p.(Gly132Glufs*109)
DLL3	NM_016941.3	c.599_603dupGCGGT	p.(Pro202Alafs*41)
DNAH11	NM_001277115.2	c.11929G>T	p.(Glu3977*)
DNAH11	NM_001277115.2	c.13242_13245delAAAG	p.(Glu4416Ilefs*69)
DNAI1	NM_012144.4	c.1490G>A	p.(Gly497Asp)
DNAI2	NM_023036.6	c.1304G>A	p.(Trp435*)
DNAI2	NM_023036.6	c.1494+1G>A	(Intron)
DNAL1	NM_031427.4	c.449A>G	p.(Asn150Ser)
DOLK	NM_014908.3	c.1222C>G	p.(His408Asp)
DOLK	NM_014908.3	c.912G>T	p.(Trp304Cys)
DSG1	NM_001942.4	c.1861delG	p.(Ala621Glnfs*3)
DSG1	NM_001942.4	c.395C>A	p.(Ser132*)
DST	NM_183380.3	c.14865delA	p.(Ala4956Leufs*28)
DYSF	NM_003494.4	c.2372C>G	p.(Pro791Arg)
DYSF	NM_003494.4	c.2779delG	p.(Ala927Leufs*21)
DYSF	NM_003494.4	c.4741C>T	p.(Arg1581Cys)
DYSF	NM_003494.4	c.4872_4876delGCCCGinsCCCC	p.(Glu1624Aspfs*10)
DYSF	NM_003494.4	c.5038_5057+3dup	(Intron)
DYSF	NM_003494.4	c.5057+5G>A	(Intron)
DYSF	NM_003494.4	c.5429G>A	p.(Arg1810Lys)
ELP1	NM_003640.5	c.2087G>C	p.(Arg696Pro)
ELP1	NM_003640.5	c.2204+6T>C	(Intron)
ELP1	NM_003640.5	c.2741C>T	p.(Pro914Leu)
EOGT	NM_001278689.2	c.1074delA	p.(Gly359Aspfs*28)
EPG5	NM_020964.3	c.5704dupT	p.(Tyr1902Leufs*2)
ERBB3	NM_001982.3	c.1184-9A>G	(Intron)
ERCC2	NM_000400.3	c.2048G>A	p.(Arg683Gln)
ERCC5	NM_000123.3	c.205C>T	p.(Arg69*)
ERCC6	NM_000124.4	c.1034_1035insT	p.(Lys345Asnfs*24)
ERCC8	NM_000082.3	c.37G>T	p.(Glu13*)
ESCO2	NM_001017420.3	c.1674-2A>G	(Intron)
ETFDH	NM_004453.4	c.1074G>C	p.(Arg358Ser)
ETFDH	NM_004453.4	c.1084G>A	p.(Gly362Arg)
ETFDH	NM_004453.4	c.1425C>A	p.(Tyr475*)
ETFDH	NM_004453.4	c.299T>A	p.(Val100Glu)
EXOSC3	NM_016042.4	c.571G>T	p.(Gly191Cys)
EXOSC8	NM_181503.3	c.5C>T	p.(Ala2Val)
EYS	NM_001142800.2	c.1211dupA	p.(Asn404Lysfs*3)
EYS	NM_001142800.2	c.3715G>T	p.(Glu1239*)
EYS	NM_001142800.2	c.410_424del15	p.(Asn137_Leu141del)
EYS	NM_001142800.2	c.8155_8156delCA	p.(His2719Tyrfs*27)
F7	NM_000131.4	c.1256C>T	p.(Thr419Met)
FA2H	NM_024306.5	c.786+1G>A	(Intron)
FAH	NM_000137.2	c.1062+5G>A	(Intron)
FAH	NM_000137.2	c.554-1G>T	(Intron)
FAH	NM_000137.2	c.782C>T	p.(Pro261Leu)
FAH	NM_000137.2	c.786G>A	p.(Trp262*)
FAM161A	NM_001201543.2	c.1309A>T	p.(Arg437*)
FAM161A	NM_001201543.2	c.1355_1356delCA	p.(Thr452Serfs*3)
FAM161A	NM_001201543.2	c.1567C>T	p.(Arg523*)
FAM20A	NM_017565.4	c.1523delC	p.(Thr508Lysfs*6)
FANCA	NM_000135.4	c.189+1G>A	(Intron)
FANCA	NM_000135.4	c.2172dupG	p.(Ser725Valfs*69)
FANCA	NM_000135.4	c.3788_3790delTCT	p.(Phe1263del)
FANCA	NM_000135.4	c.4168-2A>C	(Intron)
FANCA	NM_000135.4	c.4261-2A>C	(Intron)
FANCA	NM_000135.4	c.4275delT	p.(Asp1427Thrfs*6)
FANCA	NM_000135.4	c.891_893+1delCTGG	(Intron)
FANCC	NM_000136.3	c.456+4A>T	(Intron)
FANCC	NM_000136.3	c.553C>T	p.(Arg185*)
FANCG	NM_004629.1	c.212T>C	p.(Leu71Pro)
FANCG	NM_004629.1	c.510+3A>G	(Intron)
FDX2	NM_001031734.4	c.10A>T	p.(Met4Leu)
FERMT1	NM_017671.4	c.137_140delTAGT	p.(Leu46*)
FERMT1	NM_017671.4	c.749G>A	p.(Trp250*)
FGB	NM_005141.4	c.1400G>A	p.(Trp467*)
FH	NM_000143.3	c.905-1G>A	(Intron)
FKBP10	NM_021939.3	c.310C>T	p.(Arg104*)
FKRP	NM_024301.5	c.160C>T	p.(Arg54Trp)
FKTN	NM_001079802.1	c.1167dupA	p.(Phe390Ilefs*14)
FLT4	NM_182925.5	c.3704C>G	p.(Ser1235Cys)
FOXRED1	NM_017547.4	c.1054C>T	p.(Arg352Trp)
FTO	NM_001080432.3	c.947G>A	p.(Arg316Gln)
G6PC1	NM_000151.4	c.1039C>T	p.(Gln347*)
G6PC1	NM_000151.4	c.247C>T	p.(Arg83Cys)
G6PC1	NM_000151.4	c.248G>A	p.(Arg83His)
G6PC1	NM_000151.4	c.379_380dupTA	p.(Tyr128Thrfs*3)
G6PC1	NM_000151.4	c.497T>G	p.(Val166Gly)
G6PC1	NM_000151.4	c.508C>T	p.(Arg170*)
G6PC1	NM_000151.4	c.562G>C	p.(Gly188Arg)
G6PC1	NM_000151.4	c.648G>T	p.(=)
G6PC1	NM_000151.4	c.724C>T	p.(Gln242*)
G6PC1	NM_000151.4	c.79delC	p.(Gln27Argfs*9)
G6PC1	NM_000151.4	c.809G>T	p.(Gly270Val)
G6PC1	NM_000151.4	c.979_981delTTC	p.(Phe327del)
G6PC3	NM_138387.3	c.765_766delAG	p.(Ala257Cysfs*129)
G6PC3	NM_138387.3	c.785G>A	p.(Gly262Asp)
GAA	NM_000152.5	c.1064T>C	p.(Leu355Pro)
GAA	NM_000152.5	c.1082C>T	p.(Pro361Leu)
GAA	NM_000152.5	c.1210G>A	p.(Asp404Asn)
GAA	NM_000152.5	c.1564C>A	p.(Pro522Thr)
GAA	NM_000152.5	c.1935C>A	p.(Asp645Glu)
GAA	NM_000152.5	c.1942G>A	p.(Gly648Ser)
GAA	NM_000152.5	c.2560C>T	p.(Arg854*)
GAA	NM_000152.5	c.340_341insT	p.(Lys114Ilefs*32)
GAA	NM_000152.5	c.670C>T	p.(Arg224Trp)
GAA	NM_000152.5	c.896T>C	p.(Leu299Pro)
GAA	NM_000152.5	c.896T>G	p.(Leu299Arg)
GALC	NM_000153.4	c.1630G>A	p.(Asp544Asn)
GALC	NM_000153.4	c.1748A>C	p.(Asn583Thr)
GALC	NM_000153.4	c.1796T>G	p.(Ile599Ser)
GALNT3	NM_004482.4	c.1524+1G>A	(Intron)
GALNT3	NM_004482.4	c.1524+5G>A	(Intron)
GALT	5.5kb deletion CNV		
GALT	NM_000155.3	c.152G>A	p.(Arg51Gln)
GALT	NM_000155.3	c.253-2A>G	(Intron)
GALT	NM_000155.3	c.404C>T	p.(Ser135Leu)
GALT	NM_000155.3	c.413C>T	p.(Thr138Met)
GALT	NM_000155.3	c.563A>G	p.(Gln188Arg)
GALT	NM_000155.3	c.626A>G	p.(Tyr209Cys)
GAN	NM_022041.3	c.973G>A	p.(Glu325Lys)
GATM	NM_001482.3	c.1111dupA	p.(Met371Asnfs*6)
GBA	NM_001005741.3	c.115+1G>A	(Intron)
GBA	NM_001005741.3	c.1226A>G	p.(Asn409Ser)
GBA	NM_001005741.3	c.1263_1317del55	p.(Leu422Profs*4)
GBA	NM_001005741.3	c.1294T>A	p.(Trp432Arg)
GBA	NM_001005741.3	c.1297G>T	p.(Val433Leu)
GBA	NM_001005741.3	c.1342G>C	p.(Asp448His)
GBA	NM_001005741.3	c.1448T>C	p.(Leu483Pro)
GBA	NM_001005741.3	c.1504C>T	p.(Arg502Cys)
GBA	NM_001005741.3	c.1505G>A	p.(Arg502His)
GBA	NM_001005741.3	c.1604G>A	p.(Arg535His)
GBA	NM_001005741.3	c.259C>T	p.(Arg87Trp)
GBA	NM_001005741.3	c.703T>C	p.(Ser235Pro)
GBA	NM_001005741.3	c.84dupG	p.(Leu29Alafs*18)
GCDH	NM_000159.4	c.1168G>C	p.(Gly390Arg)
GCDH	NM_000159.4	c.1173delG	p.(Asn392Metfs*9)
GCDH	NM_000159.4	c.1204C>T	p.(Arg402Trp)
GCDH	NM_000159.4	c.1205G>A	p.(Arg402Gln)
GCDH	NM_000159.4	c.1247C>T	p.(Thr416Ile)
GCDH	NM_000159.4	c.1262C>T	p.(Ala421Val)
GCDH	NM_000159.4	c.1306G>T	p.(Ala436Ser)
GCDH	NM_000159.4	c.301G>A	p.(Gly101Arg)
GCDH	NM_000159.4	c.505+1G>A	(Intron)
GCDH	NM_000159.4	c.848T>C	p.(Leu283Pro)
GCDH	NM_000159.4	c.877G>A	p.(Ala293Thr)
GCDH	NM_000159.4	c.914C>T	p.(Ser305Leu)
GH1	NM_000515.5	c.456+5G>C	(Intron)
GH1	NM_000515.5	c.67G>T	p.(Glu23*)
GHR	Deletion of exons 5 and 6 CNV		
GHR	NM_000163.5	c.11G>A	p.(Trp4*)
GHR	NM_000163.5	c.594A>G	p.(=)
GHR	NM_000163.5	c.62G>A	p.(Gly21Glu)
GHR	NM_000163.5	c.703C>T	p.(Arg235*)
GHR	NM_000163.5	c.744delT	p.(Tyr248*)
GHRHR	NM_000823.4	c.1069C>T	p.(Arg357Cys)
GJB2	NM_004004.6	c.109G>A	p.(Val37Ile)
GJB2	NM_004004.6	c.167delT	p.(Leu56Argfs*26)
GJB2	NM_004004.6	c.229T>C	p.(Trp77Arg)
GJB2	NM_004004.6	c.-23+1G>A	(Intron)
GJB2	NM_004004.6	c.230G>A	p.(Trp77*)
GJB2	NM_004004.6	c.235delC	p.(Leu79Cysfs*3)
GJB2	NM_004004.6	c.250G>A	p.(Val84Met)
GJB2	NM_004004.6	c.269T>C	p.(Leu90Pro)
GJB2	NM_004004.6	c.358_360delGAG	p.(Glu120del)
GJB2	NM_004004.6	c.35delG	p.(Gly12Valfs*2)
GJB2	NM_004004.6	c.370C>T	p.(Gln124*)
GJB2	NM_004004.6	c.51_62delCACCAGCATTGGinsA	p.(Thr18Lysfs*26)
GJB2	NM_004004.6	c.614T>C	p.(Leu205Pro)
GJB2	NM_004004.6	c.71G>A	p.(Trp24*)
GJB2	NM_004004.6	c.94C>T	p.(Arg32Cys)
GJB6	Deletion of promoter and exons 1 and 2 CNV - 309kb deletion		
GLB1	NM_000404.4	c.1038G>C	p.(Lys346Asn)
GLB1	NM_000404.4	c.485delT	p.(Leu162Trpfs*8)
GLB1	NM_000404.4	c.602G>A	p.(Arg201His)
GLB1	NM_000404.4	c.824A>G	p.(Asp275Gly)
GLB1	NM_000404.4	c.827A>C	p.(His276Pro)
GLB1	NM_000404.4	c.914+4A>G	(Intron)
GLDC	NM_000170.2	c.2405C>T	p.(Ala802Val)
GLDC	NM_000170.2	c.2607C>A	p.(=)
GLDC	NM_000170.2	c.985C>A	p.(Pro329Thr)
GLRA1	NM_001146040.1	c.298C>T	p.(Arg100Cys)
GMPPA	NM_013335.3	c.1000A>C	p.(Thr334Pro)
GMPPB	NM_013334.3	c.656T>C	p.(Ile219Thr)
GMPPB	NM_013334.3	c.860G>A	p.(Arg287Gln)
GNE	NM_005476.6	c.2135T>C	p.(Met712Thr)
GNPTAB	NM_024312.5	c.118-2A>G	(Intron)
GNPTAB	NM_024312.5	c.2918dupT	p.(Glu975*)
GNPTAB	NM_024312.5	c.3434+1G>A	(Intron)
GNPTAB	NM_024312.5	c.3434+715G>A	(Intron)
GNPTAB	NM_024312.5	c.3503_3504delTC	p.(Leu1168Glnfs*5)
GNPTAB	NM_024312.5	c.3613C>T	p.(Arg1205*)
GNPTG	NM_032520.5	c.499dupC	p.(Leu167Profs*32)
GPSM2	NM_013296.5	c.379C>T	p.(Arg127*)
GRHPR	NM_012203.2	c.975A>G	p.(=)
GUCY2D	NM_000180.3	c.1992T>G	p.(His664Gln)
GUCY2D	NM_000180.3	c.2129C>T	p.(Ala710Val)
GUCY2D	NM_000180.3	c.2513G>A	p.(Arg838His)
GUCY2D	NM_000180.3	c.2618C>G	p.(Pro873Arg)
GUCY2D	NM_000180.3	c.389delC	p.(Pro130Leufs*36)
GUCY2D	NM_000180.3	c.529C>T	p.(Arg177Cys)
GUCY2D	NM_000180.3	c.620delC	p.(Arg208Glyfs*8)
GUCY2D	NM_000180.3	c.693delG	p.(Lys232Argfs*11)
HACD1	NM_014241.4	c.744C>A	p.(Tyr248*)
HADHA	NM_000182.5	c.1528G>C	p.(Glu510Gln)
HBB	NM_000518.5	c.17_18delCT	p.(Pro6Argfs*17)
HBB	NM_000518.5	c.20A>T	p.(Glu7Val)
HBB	NM_000518.5	c.25_26delAA	p.(Lys9Valfs*14)
HBB	NM_000518.5	c.27dupG	p.(Ser10Valfs*14)
HBB	NM_000518.5	c.316-106C>G	(Intron)
HBB	NM_000518.5	c.47G>A	p.(Trp16*)
HBB	NM_000518.5	c.92+1G>A	(Intron)
HBB	NM_000518.5	c.93-21G>A	(Intron)
HEXA	NM_000520.5	c.1073+1G>A	(Intron)
HEXA	NM_000520.5	c.1274_1277dupTATC	p.(Tyr427Ilefs*5)
HEXA	NM_000520.5	c.1351C>G	p.(Leu451Val)
HEXA	NM_000520.5	c.1421+1G>C	(Intron)
HEXA	NM_000520.5	c.1444G>A	p.(Glu482Lys)
HEXA	NM_000520.5	c.316C>T	p.(Gln106*)
HEXA	NM_000520.5	c.459+2dupT	(Intron)
HEXA	NM_000520.5	c.496delC	p.(Arg166Alafs*33)
HEXA	NM_000520.5	c.509G>A	p.(Arg170Gln)
HEXA	NM_000520.5	c.532C>T	p.(Arg178Cys)
HEXA	NM_000520.5	c.533G>A	p.(Arg178His)
HEXA	NM_000520.5	c.533G>T	p.(Arg178Leu)
HEXA	NM_000520.5	c.540C>G	p.(Tyr180*)
HEXA	NM_000520.5	c.571-2A>G	(Intron)
HEXA	NM_000520.5	c.749G>A	p.(Gly250Asp)
HEXA	NM_000520.5	c.749G>T	p.(Gly250Val)
HEXA	NM_000520.5	c.78G>A	p.(Trp26*)
HEXA	NM_000520.5	c.805+1G>A	(Intron)
HEXA	NM_000520.5	c.805G>A	p.(Gly269Ser)
HEXA	NM_000520.5	c.835T>C	p.(Ser279Pro)
HEXA	NM_000520.5	c.910_912delTTC	p.(Phe305del)
HGSNAT	NM_152419.3	c.370A>T	p.(Arg124Trp)
HIKESHI	NM_016401.4	c.160G>C	p.(Val54Leu)
HMGCL	NM_000191.3	c.122G>A	p.(Arg41Gln)
HMGCL	NM_000191.3	c.125A>G	p.(Asp42Gly)
HMGCL	NM_000191.3	c.521G>A	p.(Cys174Tyr)
HPD	NM_002150.3	c.325-1G>A	(Intron)
HPD	NM_002150.3	c.415-1G>A	(Intron)
HPD	NM_002150.3	c.481G>C	p.(Glu161Gln)
HPS1	NM_000195.5	c.972delC	p.(Met325Trpfs*6)
HPS3	NM_032383.5	c.1163+1G>A	(Intron)
HPS3	NM_032383.5	c.1691+2T>G	(Intron)
HPS3	NM_032383.5	c.2482-2A>G	(Intron)
HPS6	NM_024747.5	c.1065dupG	p.(Leu356Alafs*11)
HSPD1	NM_199440.1	c.86A>G	p.(Asp29Gly)
IBA57	NM_001010867.4	c.678A>G	p.(=)
IDUA	NM_000203.5	c.1096A>C	p.(Thr366Pro)
IDUA	NM_000203.5	c.1205G>A	p.(Trp402*)
IDUA	NM_000203.5	c.1598C>G	p.(Pro533Arg)
IDUA	NM_000203.5	c.928C>T	p.(Gln310*)
IGHMBP2	NM_002180.2	c.114delA	p.(Glu39Serfs*10)
IGHMBP2	NM_002180.2	c.707T>G	p.(Leu236*)
INSR	NM_000208.4	c.167T>C	p.(Ile56Thr)
INSR	NM_000208.4	c.3079C>T	p.(Arg1027*)
INSR	NM_000208.4	c.857G>A	p.(Cys286Tyr)
INVS	NM_014425.5	c.2719C>T	p.(Arg907*)
CRPPA	NM_001101426.4	c.165dupG	p.(Cys56Valfs*60)
ITGA2B	NM_000419.4	c.1947-1G>A	(Intron)
ITGA2B	NM_000419.4	c.818G>A	p.(Gly273Asp)
ITGA2B	NM_000419.4	c.97A>G	p.(Asn33Asp)
ITGB3	Deletion from exon 10 until part of 13 CNV - 11.2kb incl EX10-partEX13		
ITGB3	NM_000212.2	c.2031_2041delTGCAGTGAATT	p.(Asp677Glufs*4)
ITGB4	NM_000213.3	c.3280_3793+176del2279	CNV
IVD	NM_002225.4	c.932C>T	p.(Ala311Val)
KCNJ10	NM_002241.5	c.524G>A	p.(Arg175Gln)
KLHL40	NM_152393.4	c.581T>A	p.(Val194Glu)
LAMA2	NM_000426.3	c.3718C>T	p.(Gln1240*)
LAMA2	NM_000426.3	c.5260delG	p.(Val1754*)
LAMA2	NM_000426.3	c.828C>G	p.(Tyr276*)
LAMA3	NM_000227.4	c.1981C>T	p.(Arg661*)
LAMA3	NM_000227.4	c.2975delA	p.(Asn992Ilefs*47)
LAMA3	NM_000227.4	c.4815G>T	p.(Lys1605Asn)
LAMA3	NM_000227.4	c.893_894insT	p.(Glu298Aspfs*18)
LAMB3	NM_000228.3	c.124C>T	p.(Arg42*)
LAMB3	NM_000228.3	c.1295dupA	p.(Asp432Glufs*14)
LAMB3	NM_000228.3	c.1903C>T	p.(Arg635*)
LAMB3	NM_000228.3	c.1978C>T	p.(Arg660*)
LAMB3	NM_000228.3	c.2528delA	p.(Asn843Metfs*10)
LAMB3	NM_000228.3	c.2914C>T	p.(Arg972*)
LAMB3	NM_000228.3	c.3024delT	p.(Arg1009Glyfs*21)
LAMB3	NM_000228.3	c.3247C>T	p.(Gln1083*)
LAMB3	NM_000228.3	c.430C>T	p.(Arg144*)
LAMB3	NM_000228.3	c.727C>T	p.(Gln243*)
LAMC2	NM_018891.2	c.1756C>T	p.(Arg586*)
LAMC2	NM_018891.2	c.368_373delinsACCAC	p.(Leu123Hisfs*13)
LCA5	NM_181714.3	c.1062_1068delCGAAAAC	p.(Tyr354*)
LCA5	NM_181714.3	c.1714C>T	p.(Gln572*)
LCA5	NM_181714.3	c.238C>T	p.(Arg80*)
LCA5	NM_181714.3	c.835C>T	p.(Gln279*)
LCA5	NM_181714.3	c.94delT	p.(Ser32Leufs*79)
LIFR	NM_002310.5	c.1601-1G>A	(Intron)
LIFR	NM_002310.5	c.2472_2476delTATGT	p.(Ser824Argfs*41)
LIPA	NM_001127605.2	c.260G>T	p.(Gly87Val)
LIPA	NM_001127605.2	c.398delC	p.(Ser133*)
LOXHD1	NM_144612.6	c.4714C>T	p.(Arg1572*)
LRBA	NM_001199282.2	c.7937T>G	p.(Ile2646Ser)
MAK	NM_001242957.2	c.497G>A	p.(Arg166His)
MAN1B1	NM_016219.5	c.1863G>A	p.(Trp621*)
MATN3	NM_002381.5	c.910T>A	p.(Cys304Ser)
MCIDAS	NM_001190787.2	c.1142G>A	p.(Arg381His)
MCOLN1	NM_020533.2	c.-1015_788del6433	CNV
MCOLN1	NM_020533.3	c.1207C>T	p.(Arg403Cys)
MCOLN1	NM_020533.3	c.406-2A>G	(Intron)
MCOLN1	NM_020533.3	c.964C>T	p.(Arg322*)
MED17	NM_004268.5	c.1112T>C	p.(Leu371Pro)
MED25	NM_030973.3	c.116A>G	p.(Tyr39Cys)
MEGF10	NM_001256545.2	c.1325delC	p.(Pro442Hisfs*9)
MFSD8	NM_152778.2	c.472G>A	p.(Gly158Ser)
MKS1	NM_017777.3	c.1048C>T	p.(Gln350*)
MLC1	NM_015166.3	c.176G>A	p.(Gly59Glu)
MLC1	NM_015166.3	c.274C>T	p.(Pro92Ser)
MLC1	NM_015166.3	c.278C>T	p.(Ser93Leu)
MLPH	NM_024101.7	c.103C>T	p.(Arg35Trp)
MMACHC	NM_015506.3	c.271dupA	p.(Arg91Lysfs*14)
MOCS1	NM_001075098.3	c.722delT	p.(Leu241Argfs*6)
MOCS1	NM_001075098.3	c.971G>A	p.(Gly324Glu)
MOCS2	NM_004531.5	c.377+1G>A	(Intron)
MPDU1	NM_004870.4	c.218G>A	p.(Gly73Glu)
MPDU1	NM_004870.4	c.2T>C	p.(start
MPDU1	NM_004870.4	c.356T>C	p.(Leu119Pro)
MPL	NM_005373.2	c.1031T>A	p.(Leu344Gln)
MPL	NM_005373.2	c.127C>T	p.(Arg43*)
MPL	NM_005373.2	c.460T>C	p.(Trp154Arg)
MPL	NM_005373.2	c.79+2T>A	(Intron)
MPV17	NM_002437.5	c.278A>C	p.(Gln93Pro)
MRE11	NM_005591.3	c.290A>G	p.(Gln97Arg)
MTHFR	NM_005957.4	c.16delA	p.(Arg6Glufs*44)
MTHFR	NM_005957.4	c.474A>T	p.(=)
MTTP	NM_000253.3	c.2212delT	p.(Ser738Leufs*10)
MTTP	NM_000253.3	c.2593G>T	p.(Gly865*)
MTTP	NM_000253.3	c.307A>T	p.(Lys103*)
MTTP	NM_000253.3	c.62-2A>G	(Intron)
MMUT	NM_000255.4	c.655A>T	p.(Asn219Tyr)
MVK	NM_000431.4	c.1129G>A	p.(Val377Ile)
MYBPC1	NM_002465.4	c.556G>A	p.(Glu186Lys)
MYBPC1	NM_002465.4	c.952C>T	p.(Arg318*)
MYH2	NM_017534.6	c.2400delG	p.(Phe801Serfs*28)
MYH2	NM_017534.6	c.706G>A	p.(Ala236Thr)
MYO15A	NM_016239.4	c.373_374delCG	p.(Arg125Valfs*102)
MYO15A	NM_016239.4	c.4240G>A	p.(Glu1414Lys)
MYO15A	NM_016239.4	c.7207G>T	p.(Asp2403Tyr)
MYO15A	NM_016239.4	c.8183G>A	p.(Arg2728His)
MYO15A	NM_016239.4	c.8467G>A	p.(Asp2823Asn)
MYO7A	NM_000260.4	c.1135_1147dupGGGGAGACGGTGT	p.(Ser383Trpfs*64)
MYO7A	NM_000260.4	c.1190C>A	p.(Ala397Asp)
MYO7A	NM_000260.4	c.1996C>T	p.(Arg666*)
MYO7A	NM_000260.4	c.2065delC	p.(Leu689Cysfs*4)
MYO7A	NM_000260.4	c.2187+1G>A	(Intron)
MYO7A	NM_000260.4	c.2307delC	p.(Asn769Lysfs*5)
MYO7A	NM_000260.4	c.2476G>A	p.(Ala826Thr)
MYO7A	NM_000260.4	c.2777T>A	p.(Leu926Gln)
MYO7A	NM_000260.4	c.29T>C	p.(Val10Ala)
MYO7A	NM_000260.4	c.3892G>A	p.(Gly1298Arg)
MYO7A	NM_000260.4	c.4153-2A>G	(Intron)
MYO7A	NM_000260.4	c.470+1G>A	(Intron)
MYO7A	NM_000260.4	c.5068dupC	p.(Gln1690Profs*31)
MYO7A	NM_000260.4	c.5581C>T	p.(Arg1861*)
MYO7A	NM_000260.4	c.5660C>T	p.(Pro1887Leu)
MYO7A	NM_000260.4	c.620A>G	p.(Asn207Ser)
MYO7A	NM_000260.4	c.640G>A	p.(Gly214Arg)
MYO7A	NM_000260.4	c.6487G>A	p.(Gly2163Ser)
MYO7A	NM_000260.4	c.700C>T	p.(Gln234*)
NAGLU	NM_000263.4	c.2021G>A	p.(Arg674His)
NBEAL2	NM_015175.2	c.2701C>T	p.(Arg901*)
NBEAL2	NM_015175.2	c.5413dupG	p.(Ala1805Glyfs*59)
NCF1	NM_000265.6	c.153+1G>A	(Intron)
NCF1	NM_000265.6	c.579G>A	p.(Trp193*)
NCF2	NM_000433.3	c.1171_1175delAAGCT	p.(Lys391Glufs*9)
NCF2	NM_000433.3	c.196C>T	p.(Arg66*)
NCF2	NM_000433.3	c.304C>T	p.(Arg102*)
NDUFA11	NM_001193375.1	c.97+5G>A	(Intron)
NDUFAF5	NM_024120.5	c.749G>T	p.(Gly250Val)
NDUFS2	NM_004550.4	c.1237T>C	p.(Ser413Pro)
NDUFS4	NM_002495.4	c.462delA	p.(Lys154Asnfs*35)
NDUFS6	NM_004553.4	c.344G>A	p.(Cys115Tyr)
NEB	NM_004543.4	c.7431+1917_7536+372del2501	CNV
NEB	NM_001271208.2	c.17118+1G>A	(Intron)
NEB	NM_001271208.2	c.18808C>T	p.(Arg6270*)
NEB	NM_001271208.2	c.9619-2A>G	(Intron)
NGLY1	NM_018297.4	c.1294G>T	p.(Glu432*)
NNT	NM_182977.3	c.598G>A	p.(Gly200Ser)
NPC1	NM_000271.5	c.1211G>A	p.(Arg404Gln)
NPC1	NM_000271.5	c.1241_1242delTC	p.(Leu414Hisfs*2)
NPC1	NM_000271.5	c.1437_1442delCACCAT	p.(Thr480_Ile481del)
NPC1	NM_000271.5	c.1552C>T	p.(Arg518Trp)
NPC1	NM_000271.5	c.1761delT	p.(Phe587Leufs*5)
NPC1	NM_000271.5	c.2279_2281delTCT	p.(Phe760del)
NPC1	NM_000271.5	c.2780C>T	p.(Ala927Val)
NPC1	NM_000271.5	c.2972_2973delAG	p.(Gln991Argfs*15)
NPC1	NM_000271.5	c.2974G>A	p.(Gly992Arg)
NPC1	NM_000271.5	c.2974G>C	p.(Gly992Arg)
NPC1	NM_000271.5	c.2974G>T	p.(Gly992Trp)
NPC1	NM_000271.5	c.3007C>T	p.(Leu1003Phe)
NPC1	NM_000271.5	c.3347_3348delTC	p.(Leu1116Profs*4)
NPC1	NM_000271.5	c.3467A>G	p.(Asn1156Ser)
NPC1	NM_000271.5	c.3557G>A	p.(Arg1186His)
NPC1	NM_000271.5	c.3614C>A	p.(Thr1205Lys)
NPC1	NM_000271.5	c.3637T>G	p.(Leu1213Val)
NPC1	NM_000271.5	c.3673T>G	p.(Tyr1225Asp)
NPHS1	NM_004646.3	c.1138C>T	p.(Gln380*)
NPHS1	NM_004646.3	c.121_122delCT	p.(Leu41Aspfs*50)
NPHS1	NM_004646.3	c.2160dupC	p.(Cys721Leufs*5)
NPHS1	NM_004646.3	c.3325C>T	p.(Arg1109*)
NPHS1	NM_004646.3	c.3478C>T	p.(Arg1160*)
NPHS1	NM_004646.3	c.514_516delACC	p.(Thr172del)
NPHS1	NM_004646.3	c.532C>T	p.(Gln178*)
NPHS2	NM_014625.3	c.412C>T	p.(Arg138*)
NTRK1	NM_002529.3	c.1860_1861insT	p.(Pro621Serfs*12)
NTRK1	NM_002529.3	c.207_208delTG	p.(Glu70Alafs*16)
NTRK1	NM_002529.3	c.2084C>T	p.(Pro695Leu)
NUP62	NM_016553.4	c.1172A>C	p.(Gln391Pro)
OCA2	NM_000275.3	c.1327G>A	p.(Val443Ile)
OPA3	NM_025136.3	c.143-1G>C	(Intron)
OPA3	NM_025136.3	c.320_337del18	p.(Gln108_Glu113del)
OTC	NM_000531.6	c.717+1G>T	(Intron)
OTC	NM_000531.6	c.829C>T	p.(Arg277Trp)
OTC	NM_000531.6	c.958C>T	p.(Arg320*)
OTOF	NM_194248.2	c.2866+1G>A	(Intron)
PAH	NM_000277.3	c.143T>C	p.(Leu48Ser)
PCCA	NM_000282.4	c.923dupT	p.(Leu308Phefs*35)
PCCB	NM_000532.5	c.1173dupT	p.(Val392Cysfs*2)
PCDH15	NM_033056.3	c.733C>T	p.(Arg245*)
PCK1	NM_002591.4	c.134T>C	p.(Ile45Thr)
PDE6G	NM_002602.4	c.187+1G>T	(Intron)
PEPD	NM_000285.4	c.1103T>G	p.(Leu368Arg)
PEPD	NM_000285.4	c.605C>T	p.(Ser202Phe)
PEPD	NM_000285.4	c.634G>C	p.(Ala212Pro)
PEX1	NM_000466.3	c.2097dupT	p.(Ile700Tyrfs*42)
PEX1	NM_000466.3	c.2528G>A	p.(Gly843Asp)
PEX2	NM_001079867.2	c.355C>T	p.(Arg119*)
PEX2	NM_001079867.2	c.550delT	p.(Cys184Valfs*8)
PEX2	NM_001079867.2	c.669G>A	p.(Trp223*)
PEX6	NM_000287.4	c.1715C>T	p.(Thr572Ile)
PEX6	NM_000287.4	c.2094+2T>C	(Intron)
PEX6	NM_000287.4	c.2534T>C	p.(Ile845Thr)
PEX7	NM_000288.4	c.283T>G	p.(Trp95Gly)
PGAP3	NM_033419.5	c.845A>G	p.(Asp282Gly)
PHGDH	NM_006623.3	c.1468G>A	p.(Val490Met)
PHKG2	NM_000294.3	c.71A>G	p.(Tyr24Cys)
PHYH	NM_001037537.1	c.523C>T	p.(Arg175Trp)
PIGN	NM_012327.5	c.2126G>A	p.(Arg709Gln)
PIGN	NM_012327.5	c.755A>T	p.(Asp252Val)
PIGT	NM_015937.6	c.1564T>G	p.(Phe522Val)
PIGT	NM_015937.6	c.761delG	p.(Gly254Glufs*41)
PIP5K1C	NM_012398.2	c.757G>A	p.(Asp253Asn)
PJVK	NM_001042702.4	c.406C>T	p.(Arg136*)
PKHD1	NM_138694.4	c.1350delC	p.(Met451Cysfs*11)
PKHD1	NM_138694.4	c.3761_3762delCCinsG	p.(Ala1254Glyfs*49)
PKHD1	NM_138694.4	c.824C>T	p.(Thr275Ile)
PLA2G6	NM_003560.4	c.1040G>C	p.(Gly347Ala)
PLA2G6	NM_003560.4	c.2070_2072delTGT	p.(Val691del)
PLA2G6	NM_003560.4	c.2251G>A	p.(Glu751Lys)
PLA2G6	NM_003560.4	c.668C>A	p.(Pro223Gln)
PLAA	NM_001031689.3	c.2254C>T	p.(Leu752Phe)
POC1A	NM_015426.5	c.512T>C	p.(Leu171Pro)
POR	NM_000941.3	c.1615G>A	p.(Gly539Arg)
PPIB	NM_000942.4	c.563_566delACAG	p.(Asp188Alafs*6)
PPP1R13L	NM_006663.4	c.2241C>G	p.(Tyr747*)
PPT1	NM_000310.3	c.169dupA	p.(Met57Asnfs*45)
PRICKLE1	NM_153026.3	c.311G>A	p.(Arg104Gln)
PSMB8	NM_148919.4	c.405C>A	p.(Cys135*)
PUS1	NM_001002020.3	c.346C>T	p.(Arg116Trp)
RAG1	NM_000448.2	c.1361T>A	p.(Leu454Gln)
RAG1	NM_000448.2	c.1410_1413delCTTG	p.(Cys470Trpfs*21)
RAG2	NM_000536.3	c.1438G>T	p.(Glu480*)
RAG2	NM_000536.3	c.193G>T	p.(Asp65Tyr)
RAG2	NM_000536.3	c.379A>T	p.(Lys127*)
RAG2	NM_000536.3	c.470G>T	p.(Gly157Val)
RAPSN	NM_005055.5	c.264C>A	p.(Asn88Lys)
RAPSN	NM_005055.5	c.-27C>G	(Intron)
RAPSN	NM_005055.5	c.672_673insACT	p.(Ser224_Ala225insThr)
RARS2	NM_020320.5	c.110+5A>G	(Intron)
RDH12	NM_152443.3	c.146C>T	p.(Thr49Met)
RDH12	NM_152443.3	c.164C>T	p.(Thr55Met)
RDH12	NM_152443.3	c.295C>A	p.(Leu99Ile)
RDH12	NM_152443.3	c.377C>T	p.(Ala126Val)
RDH12	NM_152443.3	c.481C>T	p.(Arg161Trp)
RDH12	NM_152443.3	c.658+1G>A	(Intron)
RDH12	NM_152443.3	c.716G>A	p.(Arg239Gln)
RDH12	NM_152443.3	c.740T>C	p.(Leu247Pro)
WRN	NM_000553.5	c.1105C>T	p.(Arg369*)
WRN	NM_000553.5	c.2665C>T	p.(Arg889*)
RIN2	NM_018993.3	c.1731delC	p.(Ile578Serfs*4)
RNASEH2B	NM_024570.3	c.529G>A	p.(Ala177Thr)
ROGDI	NM_024589.2	c.469C>T	p.(Arg157*)
RP1	NM_006269.2	c.4941dupT	p.(Pro1648Serfs*13)
RPE65	NM_000329.3	c.1301C>G	p.(Ala434Gly)
RPE65	NM_000329.3	c.227A>C	p.(His76Pro)
RPE65	NM_000329.3	c.361dupT	p.(Ser121Phefs*10)
RPE65	NM_000329.3	c.722A>T	p.(His241Leu)
RPE65	NM_000329.3	c.886dupA	p.(Arg296Lysfs*7)
RPE65	NM_000329.3	c.95-2A>T	(Intron)
RPGRIP1L	NM_015272.5	c.118C>T	p.(Gln40*)
RSPH9	NM_152732.5	c.804_806delGAA	p.(Lys268del)
RTEL1	NM_001283009.1	c.1476G>T	p.(Met492Ile)
RTEL1	NM_001283009.1	c.2920C>T	p.(Arg974*)
RTEL1	NM_001283009.1	c.3791G>A	p.(Arg1264His)
RYR1	NM_000540.2	c.9623C>T	p.(Pro3208Leu)
SAMD9	NM_017654.4	c.1030C>T	p.(Arg344*)
SAMD9	NM_017654.4	c.4483A>G	p.(Lys1495Glu)
SAMHD1	Deletion of exon 1 CNV - 9.1kb deletion		
SAMHD1	NM_015474.3	c.1106T>C	p.(Leu369Ser)
SAMHD1	NM_015474.3	c.649_650insG	p.(Phe217Cysfs*2)
SAMHD1	NM_015474.3	c.676C>G	p.(Arg226Gly)
SARS2	NM_017827.3	c.1169A>G	p.(Asp390Gly)
SCN9A	NM_002977.3	c.1124delG	p.(Gly375Alafs*5)
SDHA	NM_004168.4	c.1664G>A	p.(Gly555Glu)
SEC23B	NM_006363.6	c.2129C>T	p.(Thr710Met)
SEC23B	NM_006363.6	c.325G>A	p.(Glu109Lys)
SepSecS	NM_016955.4	c.1001A>G	p.(Tyr334Cys)
SepSecS	NM_016955.4	c.715G>A	p.(Ala239Thr)
SERAC1	NM_032861.4	c.1018delT	p.(Trp340Glyfs*9)
SERAC1	NM_032861.4	c.128+4A>G	(Intron)
SERAC1	NM_032861.4	c.698_699delinsAGTATA	p.(Leu233*)
SGCG	NM_000231.2	c.525delT	p.(Phe175Leufs*20)
SGSH	NM_000199.5	c.1093C>T	p.(Gln365*)
SGSH	NM_000199.5	c.332T>C	p.(Leu111Pro)
SGSH	NM_000199.5	c.416C>T	p.(Thr139Met)
SGSH	NM_000199.5	c.812C>T	p.(Thr271Met)
SLC17A5	NM_012434.5	c.983G>A	p.(Gly328Glu)
SLC19A2	NM_006996.3	c.1223+1G>A	(Intron)
SLC19A2	NM_006996.3	c.725delC	p.(Pro242Glnfs*18)
SLC1A4	NM_003038.5	c.1369C>T	p.(Arg457Trp)
SLC1A4	NM_003038.5	c.766G>A	p.(Glu256Lys)
SLC1A4	NM_003038.5	c.944_945del	p.(Leu315Hisfs*42)
SLC22A5	NM_003060.3	c.1196G>A	p.(Arg399Gln)
SLC25A1	NM_005984.5	c.389G>A	p.(Gly130Asp)
SLC25A1	NM_005984.5	c.845G>A	p.(Arg282His)
SLC25A20	NM_000387.6	c.609-3C>G	(Intron)
SLC25A20	NM_000387.6	c.713A>G	p.(Gln238Arg)
SLC26A3	NM_000111.2	c.559G>T	p.(Gly187*)
SLC26A4	NM_000441.2	c.1151A>G	p.(Glu384Gly)
SLC26A4	NM_000441.2	c.1198delT	p.(Cys400Valfs*32)
SLC26A4	NM_000441.2	c.1246A>C	p.(Thr416Pro)
SLC26A4	NM_000441.2	c.1458dupT	p.(Ile487Tyrfs*40)
SLC26A4	NM_000441.2	c.2000T>G	p.(Phe667Cys)
SLC26A4	NM_000441.2	c.2168A>G	p.(His723Arg)
SLC26A4	NM_000441.2	c.349C>T	p.(Leu117Phe)
SLC26A4	NM_000441.2	c.707T>C	p.(Leu236Pro)
SLC26A4	NM_000441.2	c.716T>A	p.(Val239Asp)
SLC29A3	NM_018344.6	c.1045delC	p.(Leu349Serfs*56)
SLC29A3	NM_018344.6	c.1279G>A	p.(Gly427Ser)
SLC29A3	NM_018344.6	c.1309G>A	p.(Gly437Arg)
SLC2A2	NM_000340.2	c.372A>C	p.(Arg124Ser)
SLC2A2	NM_000340.2	c.734A>C	p.(Tyr245Ser)
SLC2A2	NM_000340.2	c.901C>T	p.(Arg301*)
SLC35A3	NM_012243.3	c.514C>T	p.(Gln172*)
SLC35A3	NM_012243.3	c.886A>G	p.(Ser296Gly)
SLC35C1	NM_018389.4	c.923C>G	p.(Thr308Arg)
SLC37A4	NM_001164277.1	c.1179G>A	p.(Trp393*)
SLC37A4	NM_001164277.1	c.1179G>A	p.(Trp393*)
SLC37A4	NM_001164277.1	c.446G>A	p.(Gly149Glu)
SLC37A4	NM_001164277.1	c.83G>A	p.(Arg28His)
SLC39A4	NM_130849.3	c.1224delC	p.(Leu410Serfs*73)
SLC4A4	NM_003759.3	c.2321G>A	p.(Gly774Glu)
SLCO2A1	NM_005630.2	c.1292delC	p.(Pro431Leufs*49)
SMARCAL1	NM_014140.3	c.2542G>T	p.(Glu848*)
SMARCAL1	NM_014140.3	c.863-2A>G	(Intron)
SMPD1	NM_000543.5	c.1493G>T	p.(Arg498Leu)
SMPD1	NM_000543.5	c.1705T>C	p.(Phe569Leu)
SMPD1	NM_000543.5	c.1758T>G	p.(Cys586Trp)
SMPD1	NM_000543.5	c.1805G>C	p.(Arg602Pro)
SMPD1	NM_000543.5	c.1828_1830delCGC	p.(Arg610del)
SMPD1	NM_000543.5	c.442T>A	p.(Trp148Arg)
SMPD1	NM_000543.5	c.730G>A	p.(Gly244Arg)
SMPD1	NM_000543.5	c.911T>C	p.(Leu304Pro)
SMPD1	NM_000543.5	c.96G>A	p.(Trp32*)
SMPD1	NM_000543.5	c.996delC	p.(Phe333Serfs*52)
SNX10	NM_001199835.1	c.152G>A	p.(Arg51Gln)
SPG11	NM_025137.4	c.118C>T	p.(Gln40*)
SPG11	NM_025137.4	c.2471dupT	p.(Lys825Glnfs*13)
SPINK5	NM_001127698.1	c.2240+5G>A	(Intron)
SPINK5	NM_001127698.1	c.2557C>T	p.(Arg853*)
SPINK5	NM_001127698.1	c.649C>T	p.(Arg217*)
SPINK5	NM_001127698.1	c.691delC	p.(Gln231Lysfs*2)
ST3GAL3	NM_006279.4	c.958G>C	p.(Ala320Pro)
STRA6	NM_001142617.1	c.1678G>C	p.(Asp560His)
STRC	NM_153700.2	c.-78_5091+41del18645	CNV
STRC	NM_153700.2	c.4171C>G	p.(Arg1391Gly)
SYNE4	NM_001039876.3	c.228_229delAT	p.(Trp77Valfs*16)
SZT2	NM_015284.3	c.73C>T	p.(Arg25*)
TAF2	NM_003184.4	c.557C>G	p.(Thr186Arg)
TBCE	NM_003193.5	c.155_166delGCCACGAAGGGA	p.(Ser52_Gly55del)
TBCE	NM_003193.5	c.355_356del	p.(Ile119Tyrfs*25)
TCIRG1	NM_006019.4	c.117+4A>T	(Intron)
TCIRG1	NM_006019.4	c.1331G>T	p.(Arg444Leu)
TCIRG1	NM_006019.4	c.1384_1386delAAC	p.(Asn462del)
TCIRG1	NM_006019.4	c.674delG	p.(Gly225Valfs*54)
TCTN2	NM_024809.5	c.1506-2A>G	(Intron)
TECPR2	NM_001172631.2	c.1319delT	p.(Leu440Argfs*19)
TECPR2	NM_001172631.2	c.3416delT	p.(Leu1139Argfs*75)
TECPR2	NM_001172631.2	c.566C>T	p.(Thr189Ile)
THG1L	NM_017872.5	c.164T>C	p.(Val55Ala)
TK2	NM_004614.5	c.361C>A	p.(His121Asn)
TK2	NM_004614.5	c.635T>A	p.(Ile212Asn)
TMC1	NM_138691.2	c.100C>T	p.(Arg34*)
TMC1	NM_138691.2	c.1165C>T	p.(Arg389*)
TMC1	NM_138691.2	c.1210T>C	p.(Trp404Arg)
TMC1	NM_138691.2	c.1810C>T	p.(Arg604*)
TMC1	NM_138691.2	c.1939T>C	p.(Ser647Pro)
TMEM216	NM_001173990.3	c.218G>A	p.(Arg73His)
TMEM216	NM_001173990.3	c.218G>T	p.(Arg73Leu)
TMEM216	NM_001173990.3	c.230G>C	p.(Gly77Ala)
TMEM231	NM_001077418.3	c.664+4A>G	(Intron)
TMEM67	NM_153704.5	c.1975C>T	p.(Arg659*)
TMEM67	NM_153704.5	c.725A>G	p.(Asn242Ser)
TMEM70	NM_017866.6	c.238C>T	p.(Arg80*)
TMEM70	NM_017866.6	c.316+1G>T	(Intron)
TMPRSS3	NM_024022.2	c.989delA	p.(Glu330Glyfs*28)
TRAPPC9	NM_031466.7	c.1423C>T	p.(Arg475*)
TRMT10A	NM_152292.4	c.616G>A	p.(Gly206Arg)
TRMT10A	NM_152292.4	c.727C>T	p.(Arg243*)
TRMU	NM_018006.5	c.229T>C	p.(Tyr77His)
TRPM1	NM_002420.5	c.-64+2213_899+118del36444	
TRPM6	NM_017662.5	c.1010+5G>C	(Intron)
TSHR	NM_000369.2	c.1825C>T	p.(Arg609*)
TTN	NM_003319.4	c.58881dupA	p.(Ser19628Ilefs*2)
TULP1	NM_003322.6	c.1349G>A	p.(Trp450*)
TULP1	NM_003322.6	c.1495+2dupT	(Intron)
TYMP	NM_001113755.2	c.433G>A	p.(Gly145Arg)
TYMP	NM_001113755.2	c.866A>C	p.(Glu289Ala)
TYR	NM_000372.5	c.1037-1G>A	(Intron)
TYR	NM_000372.5	c.1037-7T>A	(Intron)
TYR	NM_000372.5	c.1118C>A	p.(Thr373Lys)
TYR	NM_000372.5	c.1204C>T	p.(Arg402*)
TYR	NM_000372.5	c.1217C>T	p.(Pro406Leu)
TYR	NM_000372.5	c.140G>A	p.(Gly47Asp)
TYR	NM_000372.5	c.149C>G	p.(Ser50*)
TYR	NM_000372.5	c.454C>T	p.(Pro152Ser)
TYR	NM_000372.5	c.649C>T	p.(Arg217Trp)
TYR	NM_000372.5	c.649delC	p.(Arg217Glyfs*9)
TYR	NM_000372.5	c.74dupT	p.(Ser26Leufs*3)
TYR	NM_000372.5	c.757G>A	p.(Gly253Arg)
TYR	NM_000372.5	c.832C>T	p.(Arg278*)
TYR	NM_000372.5	c.880G>A	p.(Glu294Lys)
TYR	NM_000372.5	c.896G>A	p.(Arg299His)
UNC13D	NM_199242.2	c.753+1G>T	(Intron)
UNC80	NM_032504.1	c.151C>T	p.(Arg51*)
UPB1	NM_016327.3	c.917-1G>A	(Intron)
UQCRQ	NM_014402.5	c.134C>T	p.(Ser45Phe)
USH1C	NM_005709.3	c.1220delG	p.(Gly407Glufs*58)
USH1C	NM_005709.3	c.238dupC	p.(Arg80Profs*69)
USH1C	NM_005709.3	c.497-2delA	(Intron)
USH2A	NM_206933.3	c.1000C>T	p.(Arg334Trp)
USH2A	NM_206933.3	c.10211delC	p.(Pro3404Glnfs*24)
USH2A	NM_206933.3	c.12052G>A	p.(Ala4018Thr)
USH2A	NM_206933.3	c.12067-2A>G	(Intron)
USH2A	NM_206933.3	c.12575G>A	p.(Arg4192His)
USH2A	NM_206933.3	c.13274C>T	p.(Thr4425Met)
USH2A	NM_206933.3	c.14020A>G	p.(Arg4674Gly)
USH2A	NM_206933.3	c.14023A>T	p.(Arg4675*)
USH2A	NM_206933.3	c.14413G>A	p.(Val4805Ile)
USH2A	NM_206933.3	c.14424C>A	p.(Cys4808*)
USH2A	NM_206933.3	c.2167+5G>A	(Intron)
USH2A	NM_206933.3	c.2209C>T	p.(Arg737*)
USH2A	NM_206933.3	c.236_239dupGTAC	p.(Gln81Tyrfs*28)
USH2A	NM_206933.3	c.3368A>G	p.(Tyr1123Cys)
USH2A	NM_206933.3	c.377delG	p.(Ser126Ilefs*19)
USH2A	NM_206933.3	c.3959C>T	p.(Pro1320Leu)
USH2A	NM_206933.3	c.4544C>T	p.(Thr1515Met)
USH2A	NM_206933.3	c.5519G>T	p.(Gly1840Val)
USH2A	NM_206933.3	c.6159delA	p.(Glu2054Lysfs*10)
USH2A	NM_206933.3	c.6937G>T	p.(Gly2313Cys)
USH2A	NM_206933.3	c.802G>A	p.(Gly268Arg)
USH2A	NM_206933.3	c.8558+1G>T	(Intron)
USH2A	NM_206933.3	c.8719A>C	p.(Ser2907Arg)
USH2A	NM_206933.3	c.9685delG	p.(Glu3229Argfs*72)
VDR	NM_001017535.1	c.277+1G>T	(Intron)
VDR	NM_001017535.1	c.885C>A	p.(Tyr295*)
VPS11	NM_021729.5	c.2536T>G	p.(Cys846Gly)
VPS13A	NM_033305.3	c.6059delC	p.(Pro2020Leufs*9)
VPS13B	NM_017890.4	c.6732+1G>A	(Intron)
VPS33B	NM_018668.4	c.403+1G>A	(Intron)
VPS33B	NM_018668.4	c.700G>C	p.(Asp234His)
VPS37A	NM_152415.3	c.1146A>T	p.(Lys382Asn)
VPS45	NM_007259.5	c.671C>A	p.(Thr224Asn)
VPS53	NM_001128159.3	c.1556+5G>A	(Intron)
VPS53	NM_001128159.3	c.2084A>G	p.(Gln695Arg)
VRK1	NM_003384.3	c.1072C>T	p.(Arg358*)
CCN6	NM_003880.3	c.536_537delGT	p.(Cys179*)
XPC	NM_004628.4	c.566_567delAT	p.(Tyr189Serfs*10)
ZBTB24	NM_014797.2	c.501dupA	p.(Val168Serfs*28)
ZNF469	NM_001127464.2	c.5943delA	p.(Gly1983Alafs*16)
